Name,Address,Contact,Email
Barber hub unisex salon,"îƒˆ
Srinagar, near sai baba temple, Ramatalkies Area, Dwaraka Nagar, Visakhapatnam, Andhra Pradesh 530016","î‚°
083092 82988",
Young Looks Salon,"îƒˆ
P8J2+J8H, Main Rd, Srinivas Nagar, Lalitha Nagar, Akkayyapalem, Visakhapatnam, Andhra Pradesh 530016","î‚°
099499 47333",
Sonica saloon,"îƒˆ
Shop no .10 Municipal shopping complex, Pedda Waltair, Visakhapatnam, Andhra Pradesh 530017","î‚°
094410 75560",
Hadley Hair Tag,"îƒˆ
44-5-79, Akkayyapalem 80 Feet Rd, Thatichetlapalem, Akkayyapalem, Visakhapatnam, Andhra Pradesh 530016",,
Trendz 47. Hair . Beauty.,"îƒˆ
47, behind SFS School, Vivekananda Colony, Balayya Sastri Layout, Seethammadara, Visakhapatnam, Andhra Pradesh 530013","î‚°
098660 67582",
"Loreal Maine Street Family Salon â€“ Best Unisex Hair & Beauty Salon in Muralinagar Vizag | Haircuts, Makeup, Keratin, Facials","îƒˆ
37-10-128/1, White house, beside kashyap departmental stores, Kapparada NGGO Colony, Muralinagar, Visakhapatnam, Andhra Pradesh 530007","î‚°
099129 00222",
Annapurna Trendy Cuts the family salon,"îƒˆ
rajagiri royal complex, 45-34-13/A, Akkayyapalem Main Rd, near apollo pharmacy, behind bharat petrol bunk, Srinivas Nagar, Lalitha Nagar, Akkayyapalem, Visakhapatnam, Andhra Pradesh 530016","î‚°
077802 11748",
"Cheap and Best Men's Salon, Seethamadhara","îƒˆ
shop No 3, Door No.51, 1-22/1, opp. Jockey store, Satyam Junction, Seethammadara, Visakhapatnam, Andhra Pradesh 530013","î‚°
077802 15543",
The Vizag Hair Company,"îƒˆ
1st Floor, Dno: 9, SNF Building, 13-46/1/2, VIP Rd, Asilmetta, Visakhapatnam, Andhra Pradesh 530013","î‚°
073573 58778",
"Essensuals by Toni&Guy Hairdressing, Visalakshinagar, Vizag | Luxury Unisex Salon | Hair, Beauty and Makeup","îƒˆ
Veterinary Colony, Sri Shiridi Sai, No:46, Vishalakshi Nagar, Visakhapatnam, Andhra Pradesh 530043","î‚°
099085 65656",
The Barber shop,"îƒˆ
Sheela Nagar, Gajuwaka, Andhra Pradesh 530012","î‚°
077995 87611",
Hair Ways Unisex Salon,"îƒˆ
08-01-109, Old, CBI office jn, opp. Indian oil petrol bunk, Pedda Waltair, Visakhapatnam, Andhra Pradesh 530003","î‚°
098488 24011",
Hair Craft Saloon,"îƒˆ
Gurudwara Rd, opp. Apepdcl Office, near NRI Hospital, Balayya Sastri Layout, Seethammadara, Visakhapatnam, Andhra Pradesh 530013","î‚°
099894 22409",
The Vizag Hair Company,"îƒˆ
East Park, Govt Girls Hostel, Opp:, Madhavadhara Vuda colony, near Madhavadhara, Kalinganagar, Madhavadhara, Visakhapatnam, Andhra Pradesh 530018","î‚°
089103 73731",
Splash Beauty Lounge,"îƒˆ
D.no : 10-4-25/A, Vaisakhi Akash, Ground floor, beside KA Paul function hall, opp. Bombay Gaslight stores, Asilmetta Junction, zone-3, Ram Nagar, Visakhapatnam, Andhra Pradesh 530003","î‚°
089776 26223",
Toni&Guy Vizag - Hair and Beauty Salon in Vizag,"îƒˆ
1st Floor, Opp Barbeque Nation, Harbour Park Rd, Pandurangapuram, Visakhapatnam, Andhra Pradesh 530003","î‚°
074168 88670",
Toppers Grand Unisex Salon,"îƒˆ
near Mahatma Gandhi Cancer hospital, MVP Sector 3, Sector 3, MVP Colony, Visakhapatnam, Andhra Pradesh 530017","î‚°
090660 31999",
DELHI TRENDS SALON,"îƒˆ
D. No.- 51-9-37/A, 60 feet Double Road, Nakkavanipalem, Visakhapatnam, Andhra Pradesh 530013","î‚°
093158 46656",
Mounika THE SALOON,"îƒˆ
Cmr central, Resapuvanipalem, beside Bhoolokamata temple, backside, Visakhapatnam, Andhra Pradesh 530013",,
J Studio Luxury Beauty Studio,"îƒˆ
1st Floor, 9-29-18, beside new vizag central, VIP Rd, above tvs Showroom, Balaji Nagar, Siripuram, Visakhapatnam, Andhra Pradesh 530003","î‚°
098826 89999",
